ticker,entry_date,entry_price,exit_date,exit_price,shares,pnl,return_pct,exit_reason
AAPL,2019-01-30,39.208377838134766,2019-04-30,47.81657409667969,51.009506393165914,439.09984208387414,21.954992104193703,trend_exit
MSFT,2019-01-30,99.0927963256836,2019-02-01,95.73943328857422,20.183101841497084,-67.68126768949037,-3.384063384474524,trend_exit
SPY,2019-01-31,241.4739227294922,2019-03-07,246.01840209960935,8.26403203751423,37.55572310847083,1.8819752123744018,trend_exit
MSFT,2019-02-21,102.35052490234376,2019-05-13,115.39108276367188,18.66151227407917,243.35653059001424,12.741075704077303,trend_exit
SPY,2019-03-12,250.02606201171875,2019-05-07,258.7109375,7.850951811508839,68.18453894745039,3.4735880805394554,trend_exit
AAPL,2019-05-01,50.163673400878906,2019-05-07,48.338409423828125,43.16656568460879,-78.7903773571129,-3.6386170575355057,trend_exit
MSFT,2019-05-16,121.05744934082033,2019-05-20,118.51295471191406,17.581280702062234,-44.73547431569068,-2.1018901709572577,trend_exit
MSFT,2019-06-07,123.37663269042967,2019-07-17,127.94931030273438,17.178276443898312,78.5507201129949,3.7062752586044634,trend_exit
SPY,2019-06-18,262.72735595703125,2019-07-31,268.5466613769531,8.113076652147145,47.212470934081466,2.214959838774313,trend_exit
AAPL,2019-06-18,47.46967697143555,2019-08-02,48.80205154418945,43.880856426754654,58.46573733367268,2.806790898441653,trend_exit
MSFT,2019-07-19,128.27789306640625,2019-07-31,127.94931030273438,16.782788118764415,-5.514534902183186,-0.2561491741229145,trend_exit
MSFT,2019-08-08,130.40931701660156,2019-08-09,129.30136108398438,16.52597246172878,-18.31004923124101,-0.8495987541105985,trend_exit
AAPL,2019-08-13,50.176002502441406,2019-08-14,48.68251419067383,42.878640477951265,-64.03874837830426,-2.9764991973900465,trend_exit
MSFT,2019-09-05,131.93638610839844,2019-09-10,128.19639587402344,16.209865112495827,-60.62473722127061,-2.834692039618425,trend_exit
SPY,2019-09-05,268.8988037109375,2019-09-27,267.9454650878906,7.953441937013409,-7.582323384715437,-0.35453434894106145,trend_exit
AAPL,2019-09-09,51.42457580566406,2019-10-02,52.57471084594727,41.448854510389125,47.67177995199927,2.2365474527774922,trend_exit
MSFT,2019-09-12,129.55296325683594,2019-09-16,128.431884765625,15.93170746969436,-17.860694572538932,-0.86534376599972,trend_exit
MSFT,2019-09-18,130.4950408935547,2019-09-24,129.4210662841797,15.748517625453747,-16.91350806503192,-0.8230003240131135,trend_exit
AAPL,2019-10-04,54.50760269165039,2019-12-03,62.48384475708008,39.03325445488558,311.33868613367895,14.633265217241902,trend_exit
MSFT,2019-10-11,131.58779907226562,2019-10-18,129.4493408203125,15.775577147777787,-33.73541313098849,-1.6251189449401175,trend_exit
SPY,2019-10-11,268.7436828613281,2019-12-03,280.7803039550781,7.981040965473177,96.06476603509736,4.478848010712461,trend_exit
MSFT,2019-10-24,131.83274841308594,2020-02-24,161.97869873046875,15.29331384380613,461.0314793235225,22.866814718087507,trend_exit
AAPL,2019-12-06,65.19560241699219,2020-01-31,74.53990936279297,34.325331583016386,320.7464343280949,14.33272582717226,trend_exit
SPY,2019-12-10,284.39044189453125,2020-01-27,294.8764343261719,7.84970611604981,82.31195892350115,3.687181735710179,trend_exit
SPY,2020-01-28,297.9666442871094,2020-01-29,297.7203674316406,7.036807698631177,-1.7330028725573356,-0.08265249154245834,trend_exit
SPY,2020-01-30,298.6866455078125,2020-01-31,293.2630920410156,6.806233618488298,-36.913971937381575,-1.8158004545452688,trend_exit
AAPL,2020-02-18,77.00772857666016,2020-02-21,75.57136535644531,31.338737905613268,-45.013810495575854,-1.865219565312803,trend_exit
SPY,2020-02-20,307.1364440917969,2020-02-24,293.8920593261719,6.9330500992433475,-91.82398311373345,-4.312215310295942,trend_exit
MSFT,2020-03-31,149.48599243164062,2020-05-28,172.4194793701172,15.65406708791012,359.0023430946226,15.341562487176825,trend_exit
AAPL,2020-04-17,68.26890563964844,2020-07-23,89.89511108398438,35.185212083865935,760.9226251282162,31.67797292443504,trend_exit
SPY,2020-05-15,262.4842224121094,2020-06-11,275.6230773925781,7.7702215407620105,102.09181399018644,5.005578948604496,trend_exit
MSFT,2020-05-29,174.17794799804688,2020-06-04,173.86427307128906,14.345820835809812,-4.4999242999533635,-0.1800887714909409,trend_exit
MSFT,2020-06-05,177.93235778808594,2020-07-16,193.8246612548828,14.210763924965375,225.84177279055893,8.93165451430948,trend_exit
SPY,2020-06-15,281.5277709960937,2020-06-24,280.0407409667969,7.624413476974715,-11.337731796036678,-0.5282001217980912,trend_exit
SPY,2020-07-13,289.94061279296875,2020-09-04,315.4775695800781,6.584577969045951,168.15008305687888,8.80765082929033,trend_exit
MSFT,2020-07-20,201.1244354248047,2020-07-23,192.5129547119141,13.302830673438525,-114.55706977116552,-4.281668060224442,trend_exit
AAPL,2020-07-30,93.1338348388672,2020-09-08,109.4324188232422,28.073760733312636,457.56254706914524,17.500174896237787,trend_exit
MSFT,2020-08-03,205.8198699951172,2020-08-11,193.31137084960935,13.068585954185403,-163.468396240924,-6.0774011497551665,trend_exit
MSFT,2020-08-21,202.96356201171875,2020-09-04,204.135498046875,13.574658957425008,15.908631997162956,0.5774120357074658,trend_exit
SPY,2020-09-30,309.6394958496094,2020-10-26,313.8002014160156,8.717192507452115,36.26967138919099,1.3437257269102025,trend_exit
MSFT,2020-10-12,210.94793701171875,2020-10-26,200.1623687744141,12.393410881174578,-133.66997875186235,-5.112905293169797,trend_exit
AAPL,2020-10-12,120.66473388671876,2020-10-22,112.27442932128906,22.603632537421685,-189.65136127402457,-6.9534024525397795,trend_exit
SPY,2020-11-04,317.63726806640625,2021-01-27,347.65533447265625,8.316960964894799,249.65908654240093,9.450423304854242,trend_exit
MSFT,2020-11-04,206.1744537353516,2020-11-10,201.04844665527344,12.813307912992691,-65.68110708122185,-2.486247441042316,trend_exit
AAPL,2020-11-09,113.02197265625,2020-11-23,110.62201690673828,22.987680541827608,-55.16941608429761,-2.123441745978943,trend_exit
MSFT,2020-11-24,204.2974090576172,2020-12-03,204.6604156494141,12.960878592032444,4.704884364387453,0.17768536246807032,trend_exit
AAPL,2020-11-30,115.67457580566406,2021-01-06,123.01052856445312,21.656987265374163,158.87463547648122,6.341888619599204,trend_exit
MSFT,2020-12-14,204.6221618652344,2021-01-04,207.95611572265625,12.80780325391865,42.70062506350223,1.6293219791205276,trend_exit
MSFT,2021-01-20,214.3087615966797,2021-02-22,224.5399932861328,12.70800445793817,130.01853791976873,4.774061318457845,trend_exit
AAPL,2021-01-21,132.98934936523438,2021-01-29,128.2185821533203,18.633718392160716,-88.89713274136056,-3.587330289745158,trend_exit
SPY,2021-02-19,362.1592102050781,2021-02-25,355.00933837890625,7.545685412607029,-53.95068354075511,-1.974234431901691,trend_exit
SPY,2021-03-01,361.74127197265625,2021-03-02,358.91851806640625,7.48111662993342,-21.11735119025616,-0.7803239842821612,trend_exit
SPY,2021-03-10,361.74127197265625,2021-05-11,385.8709411621094,7.469441240462322,180.23514616241437,6.670421944907925,trend_exit
MSFT,2021-03-11,227.04861450195312,2021-03-18,220.91110229492188,11.924690013546638,-73.18793052320643,-2.703170957679838,trend_exit
AAPL,2021-03-31,118.86402893066406,2021-04-30,127.9236068725586,22.702675265630205,205.67665605849788,7.621799482481935,trend_exit
MSFT,2021-03-31,225.7464141845703,2021-04-28,243.737548828125,11.691164314957193,210.33731133031642,7.9696214482703285,trend_exit
SPY,2021-05-14,388.078857421875,2021-05-17,387.09130859375,7.232080176953383,-7.142032303656379,-0.2544711749270715,trend_exit
MSFT,2021-06-04,240.68234252929688,2021-09-09,285.81597900390625,11.655150834562239,526.039340823872,18.752367124362486,trend_exit
AAPL,2021-06-14,127.18562316894533,2021-08-02,141.84588623046875,22.215927128094894,325.69133585350573,11.526666848225178,trend_exit
SPY,2021-06-16,393.23046875,2021-06-18,387.7969665527344,7.014220845362258,-38.111784375382285,-1.3817602218204577,trend_exit
SPY,2021-06-21,393.3486328125,2021-07-19,397.1900329589844,6.846917047122684,26.301748147783655,0.9765891695155527,trend_exit
SPY,2021-07-20,402.8818359375,2021-08-18,410.47113037109375,6.24094678078869,47.36438266379446,1.8837519482439748,trend_exit
AAPL,2021-08-16,147.5251922607422,2021-08-18,142.87841796875,20.230662884182035,-94.00732420017766,-3.1498174791592772,trend_exit
SPY,2021-08-20,414.3778381347656,2021-09-10,416.3219604492188,7.190974825282656,13.980134620503122,0.4691665758970697,trend_exit
AAPL,2021-08-30,149.4776153564453,2021-09-10,145.4263916015625,16.91395798409371,-68.52222837425052,-2.7102544720306367,trend_exit
MSFT,2021-09-14,288.25830078125,2021-09-17,288.33526611328125,10.244062767398148,0.7884376922420415,0.026700126873243638,trend_exit
MSFT,2021-10-14,291.1044311523437,2021-11-26,317.57843017578125,10.144448170284516,268.5641109534249,9.094330484300638,trend_exit
AAPL,2021-10-18,143.0639190673828,2021-11-10,144.61204528808594,20.703687705686935,32.05192180242284,1.0821220548096133,trend_exit
SPY,2021-10-29,430.6042785644531,2021-11-26,430.34173583984375,6.514846231250767,-1.7104254799637602,-0.06097076542867593,trend_exit
AAPL,2021-11-17,150.05751037597656,2022-01-05,171.00828552246094,19.686126718883315,412.43961439252234,13.961830430207167,trend_exit
MSFT,2021-11-29,324.2733764648437,2021-11-30,318.4549865722656,9.371281155222544,-54.525767554054255,-1.7942854131316182,trend_exit
SPY,2021-12-07,439.071044921875,2021-12-14,434.4578552246094,6.992175228670431,-32.25623072637836,-1.050670444024944,trend_exit
MSFT,2021-12-07,322.6261291503906,2021-12-09,320.8729858398437,8.820155704288133,-15.462996970955373,-0.5433978069797665,trend_exit
MSFT,2021-12-10,329.9664306640625,2021-12-14,316.28765869140625,8.383333251591125,-114.67370391930172,-4.145504118442446,trend_exit
MSFT,2021-12-15,322.3659362792969,2021-12-16,312.9739074707031,8.334905230162368,-78.2816700385838,-2.913468127865881,trend_exit
SPY,2021-12-15,441.2463073730469,2021-12-17,432.700439453125,6.9549328280610885,-59.43593734053866,-1.9367568129463946,trend_exit
MSFT,2022-01-03,322.46246337890625,2022-01-04,316.93310546875,9.463818377717827,-52.32883900711613,-1.7147291663709194,trend_exit
AAPL,2022-01-28,166.52093505859375,2022-02-11,165.07879638671875,18.09964511745552,-26.10219817109646,-0.866040459938298,trend_exit
SPY,2022-02-10,422.7738342285156,2022-02-11,414.4371643066406,7.1458553296565785,-59.57263719281809,-1.9718982696949272,trend_exit
MSFT,2022-03-16,284.1702575683594,2022-04-06,289.1028137207031,10.545913171063333,52.01830889401117,1.735774952154233,trend_exit
SPY,2022-03-16,409.8830871582031,2022-04-11,415.2150573730469,7.311438202762264,38.98437072479919,1.3008514822632247,trend_exit
AAPL,2022-03-18,160.51718139648438,2022-04-11,162.24978637695312,18.34040101608269,31.776670144259242,1.0793891129879367,trend_exit
MSFT,2022-05-04,279.9132995605469,2022-05-05,267.72174072265625,10.794023495170476,-131.5959725389448,-4.3554768055076,trend_exit
AAPL,2022-05-04,162.51409912109375,2022-05-05,153.4594268798828,18.591560660936334,-168.3404882373693,-5.57162257932098,trend_exit
MSFT,2022-05-31,263.0433044433594,2022-06-10,244.77622985839844,11.258235392756957,-205.65502561453832,-6.944512282347165,trend_exit
AAPL,2022-06-24,138.87222290039062,2022-06-28,134.73532104492188,21.02848484598463,-86.99277797705054,-2.978926792607072,trend_exit
MSFT,2022-06-24,259.0086364746094,2022-06-28,248.15289306640625,11.274807182251385,-122.3964137474868,-4.191266961581536,trend_exit
AAPL,2022-07-18,144.17579650878906,2022-08-26,160.6228790283203,19.96447854733154,328.3574261273734,11.407658509816955,trend_exit
SPY,2022-07-19,371.84033203125,2022-08-22,391.8224487304688,7.7823128917103075,155.50708439199025,5.373843281083205,trend_exit
MSFT,2022-07-27,260.01495361328125,2022-08-22,269.3027648925781,10.618768111724789,98.62511424031572,3.5720296660747377,trend_exit
MSFT,2022-10-04,241.3108062744141,2022-10-07,227.1160430908203,12.410934129449458,-176.17027085471682,-5.882357032718942,trend_exit
SPY,2022-10-21,356.2541198730469,2022-11-03,353.1322021484375,8.307717166274006,-25.936009472432488,-0.8763176481220449,trend_exit
MSFT,2022-10-25,243.03663635253903,2022-10-26,224.28482055664065,12.246999971613944,-229.6534875200773,-7.715633361835112,trend_exit
AAPL,2022-10-26,146.61428833007812,2022-11-02,142.37342834472656,19.95680387749634,-84.6340109995831,-2.8925284388408032,trend_exit
SPY,2022-11-04,358.2148742675781,2022-11-09,356.10186767578125,8.072288375905806,-17.056798549174346,-0.589871259845706,trend_exit
MSFT,2022-11-10,235.59019470214844,2022-12-07,237.6056671142578,12.259433842602773,24.708550697845567,0.855499276893715,trend_exit
AAPL,2022-11-10,144.41891479492188,2022-11-28,141.81314086914062,19.998782084868928,-52.11230490413254,-1.804316234810037,trend_exit
SPY,2022-11-10,375.671142578125,2022-12-06,374.85260009765625,7.688113561494178,-6.293047544751062,-0.21788803762017067,trend_exit
AAPL,2022-11-30,145.55955505371094,2022-12-06,140.5249786376953,18.94535517564259,-95.38183836032977,-3.4587742550860954,trend_exit
SPY,2022-12-12,379.7258605957031,2022-12-15,370.85498046875,7.538034605818499,-66.8690013810401,-2.3361274665456655,trend_exit
MSFT,2022-12-12,245.52035522460935,2022-12-16,237.91683959960935,11.658449562261445,-88.64520340992931,-3.0968982665588265,trend_exit
SPY,2023-01-06,371.0758361816406,2023-02-17,389.41546630859375,7.629933185815207,139.93015252121586,4.942286276483906,trend_exit
MSFT,2023-01-20,233.57054138183597,2023-02-21,246.29124450683597,11.97556893188976,152.33765713554294,5.446193278374294,trend_exit
AAPL,2023-01-20,135.569091796875,2023-02-21,146.22496032714844,20.968386220231608,223.43636685478532,7.860101730444037,trend_exit
AAPL,2023-03-03,148.73622131347656,2023-03-10,146.24461364746094,19.729052185977892,-49.157057669804544,-1.6751855358516274,trend_exit
AAPL,2023-03-13,148.18472290039062,2023-04-12,157.66848754882812,19.73613206180963,187.17283154468396,6.39996111799761,trend_exit
MSFT,2023-03-14,254.20626831054688,2023-04-24,274.6566162109375,11.537222728880838,235.94021860990733,8.04478506226597,trend_exit
SPY,2023-03-31,392.9461059570313,2023-04-25,389.7690124511719,6.821329070800678,-21.672000292171106,-0.8085316173630304,trend_exit
AAPL,2023-04-13,163.04554748535156,2023-04-25,161.28273010253906,18.600382441794967,-32.78907749535665,-1.0811809399277683,trend_exit
MSFT,2023-04-26,287.9132385253906,2023-06-26,321.0046081542969,10.41398329071197,344.612970382203,11.493521381090636,trend_exit
SPY,2023-04-27,395.8448486328125,2023-05-02,394.33782958984375,7.623010713023807,-11.488022309281405,-0.38070952500045485,trend_exit
AAPL,2023-04-27,165.8522491455078,2023-08-02,189.91749572753903,17.730878359467518,426.6979598365874,14.51005138972699,trend_exit
SPY,2023-05-05,396.0559997558594,2023-05-09,394.42425537109375,7.450875725054601,-12.15792462594436,-0.4119984006735109,trend_exit
SPY,2023-05-10,396.2671508789063,2023-05-16,393.7715759277344,7.411663953444655,-18.496362908720585,-0.6297708365775049,trend_exit
SPY,2023-05-17,398.5515747070313,2023-05-24,394.5778503417969,7.328185500617944,-29.12018927676354,-0.9970414414133105,trend_exit
SPY,2023-05-25,397.994873046875,2023-08-02,433.6546020507813,7.167386783824629,255.58707037736576,8.95984632437875,trend_exit
MSFT,2023-06-30,332.66864013671875,2023-07-10,324.1599426269531,9.324520588902399,-79.33952511455209,-2.557709529298811,trend_exit
MSFT,2023-07-12,329.40582275390625,2023-07-26,329.962646484375,9.338572069546947,5.199938537016351,0.16903882445476504,trend_exit
SPY,2023-08-29,432.7200927734375,2023-09-15,428.6487426757813,7.336435010009879,-29.869195394452163,-0.9408738271342211,trend_exit
AAPL,2023-08-30,185.3055419921875,2023-09-07,175.3416290283203,17.145941408042685,-170.84066787330403,-5.377018332396808,trend_exit
MSFT,2023-08-31,320.8619079589844,2023-09-18,322.1345520019531,9.87076709715157,12.561972945722118,0.39663294750819456,trend_exit
MSFT,2023-10-06,320.3724365234375,2023-12-04,362.1044616699219,9.791707720348377,408.62779281260373,13.026097250857404,trend_exit
SPY,2023-10-13,417.17279052734375,2023-10-19,412.2711791992188,7.521809788510861,-36.86898806736599,-1.1749594986597443,trend_exit
AAPL,2023-10-17,174.936767578125,2023-10-19,173.26785278320312,17.746639752201354,-29.617629642597876,-0.9540103078539818,trend_exit
AAPL,2023-11-02,175.3515167236328,2023-12-22,191.43310546875,17.047325938452687,274.14808494616545,9.171057682074677,trend_exit
SPY,2023-11-02,416.4574279785156,2024-01-04,453.596435546875,7.597584871478845,282.1667620431058,8.917840113605878,trend_exit
MSFT,2024-01-10,375.47467041015625,2024-02-16,397.0919189453125,8.833310808659098,190.95187513906558,5.757312074218555,trend_exit
SPY,2024-01-16,461.02239990234375,2024-01-17,458.4598083496094,7.222386484896962,-18.508026596779928,-0.5558496839366583,trend_exit
AAPL,2024-01-18,186.5187225341797,2024-01-31,182.3360595703125,17.432954538676196,-72.91617329970131,-2.2424896048173992,trend_exit
SPY,2024-01-18,462.5367126464844,2024-04-04,499.5930480957031,7.204226279107856,266.96222565069775,8.011544691705545,trend_exit
MSFT,2024-02-22,404.5509948730469,2024-02-26,400.5119018554688,8.3548485889582,-33.746010598583325,-0.9984138140225277,trend_exit
MSFT,2024-02-29,406.5066833496094,2024-03-05,395.7062377929688,8.30004628152532,-89.64419798121116,-2.6568924937826477,trend_exit
MSFT,2024-03-12,408.1183776855469,2024-04-04,410.6736145019531,8.253153816703263,21.088762483903793,0.626101875366918,trend_exit
AAPL,2024-04-11,173.30166625976562,2024-04-16,167.69790649414062,19.443103047956704,-108.95447857904037,-3.2335290748015098,trend_exit
AAPL,2024-04-29,171.7769775390625,2024-05-01,167.61871337890625,19.488823867529828,-81.03967781194706,-2.4207342681941477,trend_exit
AAPL,2024-05-02,171.3116455078125,2024-07-24,216.66314697265625,19.44715033421996,881.9574668694136,26.473098971415542,trend_exit
SPY,2024-05-03,497.85980224609375,2024-05-30,508.8824157714844,6.771744105134592,74.64231816374058,2.2139994985861726,trend_exit
MSFT,2024-05-15,416.5338134765625,2024-05-30,408.25396728515625,7.472088469056772,-61.86774325237002,-1.9877968903170788,trend_exit
SPY,2024-05-31,513.517333984375,2024-07-19,536.2940063476562,6.638714426057846,151.20782339570815,4.435424250737033,trend_exit
MSFT,2024-06-12,434.2356262207031,2024-07-15,446.9360961914063,6.712585293323316,85.25298794363653,2.924787650713874,trend_exit
AAPL,2024-08-29,228.08026123046875,2024-09-04,219.20677185058597,15.598727726912033,-138.415144824437,-3.890511757576588,trend_exit
MSFT,2024-08-30,411.4259948730469,2024-09-03,403.8314514160156,8.641446075944549,-65.62783775535308,-1.8459075390641486,trend_exit
SPY,2024-08-30,550.6444091796875,2024-09-05,536.8997192382812,6.456645140978984,-88.74458552444366,-2.4961099599435053,trend_exit
MSFT,2024-09-11,417.2452087402344,2024-10-01,414.9273681640625,8.386445926512042,-19.438444658340813,-0.5555104115323467,trend_exit
SPY,2024-09-12,546.1605834960938,2024-10-31,557.1934814453125,6.418909617130404,70.8191747510582,2.0200831555061605,trend_exit
AAPL,2024-09-19,227.16709899902344,2024-10-07,220.0405120849609,15.015605869939629,-107.0100202994322,-3.137156280757525,trend_exit
AAPL,2024-10-15,232.11004638671875,2024-10-30,228.387939453125,15.088067604741868,-56.15940104614083,-1.6035957906760934,trend_exit
MSFT,2024-10-22,421.6539306640625,2024-10-31,400.7837829589844,7.91311321575433,-165.14784161979878,-4.949591640758511,trend_exit
MSFT,2024-11-06,414.4243469238281,2024-11-11,412.2840881347656,8.309881164522059,-17.785296198433116,-0.5164413734253608,trend_exit
SPY,2024-11-06,579.142578125,2024-12-18,574.4784545898438,5.9464062990691975,-27.734773569090066,-0.8053497897282149,trend_exit
MSFT,2024-11-13,419.3756408691406,2024-11-15,409.3152770996094,8.22037931443579,-82.70000622675389,-2.3988908246271805,trend_exit
MSFT,2024-11-25,413.8801879882813,2024-12-20,431.48138427734375,8.124969059219504,143.0091752538815,4.252727431727369,trend_exit
